HS Thickness (mm),LS Thickness (mm),Selective Layer Thickness (mm),Total Thickness (mm),HS Conductivity (S/m),LS Conductivity (S/m),CS Conductivity (S/m),AS Conductivity (S/m),CS Fixed Charge (mol m-3),AS Fixed Charge (mol m-3),Combined Parameter B (mol m-3),HS Concentration (mol m-3),LS Concentration (mol m-3),Combined Parameter A (mol m-3),Cation Transference Number,Charge Transfer Resistance (ohms),Current Density (A),,Capacity Retention D1D2,Capacity Retention D1D5,Capacity Retention D2D10,Coulombic Efficiency C1D2,Coulombic Efficiency C5D6,Coulombic Efficiency C9D10,Voltage Efficiency C1D2,Voltage Efficiency C5D6,Voltage Efficiency C9D10,Energy Efficiency C1D2,Energy Efficiency C5D6,Energy Efficiency C9D10,Maximum Potential D1 (V),Discharge Duration D1 (h),Average Power Density D1 (W m-3),Maximum Power Density D1 (W m-3),Energy Density D1 (Wh m-3)
0.9,0.9,0.18,3.06,8.12,0.0172,0.746,0.624,187.5,250,7.808671038,3000,15,6868.574537,0.32,178.5,2.50E-05,,0.56452591,0.432719452,0.362476382,1.177512832,1.074057274,0.283615799,0.260940496,0.26859223,1.326652719,0.307260783,0.288483439,0.37625967,0.219093998,74.39,1.066162813,7.034191238,79.28654039
0.9,0.9,0.9,4.5,8.12,0.0172,0.746,0.624,187.5,250,7.808671038,3000,15,6868.574537,0.32,178.5,2.50E-05,,0.649167192,0.546023311,0.493623406,1.129472432,1.106746432,0.25408944,0.261148502,0.259237389,1.470016091,0.294960034,0.286910055,0.373515566,0.224349899,26.66,0.65606409,4.897996626,17.47219392
0.9,0.9,1.2,5.1,8.12,0.0172,0.746,0.624,187.5,250,7.808671038,3000,15,6868.574537,0.32,178.5,2.50E-05,,0.671658429,0.575792376,0.534796063,1.193266548,1.080046188,0.270219609,0.252075488,0.257951401,1.333388884,0.300793247,0.278599427,0.360307822,0.224293026,18.36,0.596453987,4.320666153,10.93477577
0.9,0.9,1.8,6.3,8.12,0.0172,0.746,0.624,187.5,250,7.808671038,3000,15,6868.574537,0.32,178.5,2.50E-05,,0.704077463,0.631403913,0.595985396,1.114812718,1.138313411,0.260513975,0.258894381,0.24828939,1.306063518,0.288618749,0.282631143,0.340247798,0.224179257,9.87,0.574577453,3.495907983,5.658957459
0.9,1.2,0.18,3.36,8.12,0.0172,0.746,0.624,187.5,250,7.808671038,3000,15,6868.574537,0.32,178.5,2.50E-05,,0.577373632,0.465997769,0.393184873,1.207429316,0.970076533,0.300608495,0.254188189,0.284607623,1.19480218,0.306914271,0.276091176,0.359167685,0.217348412,55.93,0.926914563,6.355098866,51.81909439
0.9,1.2,0.9,4.8,8.12,0.0172,0.746,0.624,187.5,250,7.808671038,3000,15,6868.574537,0.32,178.5,2.50E-05,,0.66188557,0.569783973,0.519417011,1.158098291,1.149197317,0.267013504,0.255989019,0.24822013,1.355870471,0.296460445,0.285253908,0.362035725,0.222604321,20.66,0.62296878,4.556144293,12.85347337
1.8,0.9,0.18,4.86,8.12,0.0172,0.746,0.624,187.5,250,7.808671038,3000,15,6868.574537,0.32,178.5,2.50E-05,,0.543208644,0.402127165,0.332972252,1.103069075,1.074906221,0.273917482,0.274314609,0.268601629,1.420961449,0.302587962,0.288721562,0.389226182,0.215062339,172.06,0.705902344,4.347436144,121.442374
1.8,0.9,0.9,6.3,8.12,0.0172,0.746,0.624,187.5,250,7.808671038,3000,15,6868.574537,0.32,178.5,2.50E-05,,0.574495869,0.467023771,0.407278192,1.010435376,1.062190073,0.299070455,0.284504648,0.265469662,1.202169921,0.287473561,0.28197924,0.359533506,0.223595335,89.35,0.49436031,3.486802164,44.15821351
1.8,0.9,1.8,8.1,8.12,0.0172,0.746,0.624,187.5,250,7.808671038,3000,15,6868.574537,0.32,178.5,2.50E-05,,0.619259801,0.534264615,0.486281496,1.143347931,1.1202505,0.293242283,0.258836491,0.253581723,1.202937416,0.295940166,0.284075053,0.352752114,0.223424756,42.82,0.390076211,2.709888308,16.69311179
1.8,1.8,0.18,5.76,8.12,0.0172,0.746,0.624,187.5,250,7.808671038,3000,15,6868.574537,0.32,178.5,2.50E-05,,0.564479752,0.454851428,0.384110247,1.023127937,0.973371168,0.298118741,0.283721682,0.28157807,1.217096266,0.290283579,0.274079975,0.362839206,0.209825565,103.99,0.550176976,3.578829711,57.200085
1.8,1.8,0.9,7.2,8.12,0.0172,0.746,0.624,187.5,250,7.808671038,3000,15,6868.574537,0.32,178.5,2.50E-05,,0.612370434,0.512152322,0.459996478,1.178698985,1.122436485,0.270230176,0.254535147,0.254731575,1.373429011,0.30002032,0.285920014,0.371141963,0.21835862,55.46,0.427640083,2.979497061,23.70595681
1.8,1.8,1.8,9,8.12,0.0172,0.746,0.624,187.5,250,7.808671038,3000,15,6868.574537,0.32,178.5,2.50E-05,,0.655453258,0.563509964,0.515302434,1.172281109,0.970928566,0.247228388,0.253425562,0.277462838,1.534736124,0.297085999,0.269396596,0.379430338,0.218188002,28.24,0.38170473,2.381735191,10.7709774
3.6,0.9,0.18,8.46,8.12,0.0172,0.746,0.624,187.5,250,7.808671038,3000,15,6868.574537,0.32,178.5,2.50E-05,,0.52753686,0.401488664,0.332428628,1.123582184,0.981067275,0.301543535,0.269190392,0.284604341,1.22761401,0.302457528,0.279216005,0.370179068,0.202856954,311.2,0.403470004,2.355725343,125.4795262
3.6,0.9,0.9,9.9,8.12,0.0172,0.746,0.624,187.5,250,7.808671038,3000,15,6868.574537,0.32,178.5,2.50E-05,,0.551171951,0.438042124,0.37922632,1.161880478,1.126964699,0.298598127,0.259550353,0.256779748,1.217585837,0.301566488,0.289381712,0.36356885,0.219797893,207.9,0.325372965,2.181189745,67.56603919
3.6,0.9,1.8,11.7,8.12,0.0172,0.746,0.624,187.5,250,7.808671038,3000,15,6868.574537,0.32,178.5,2.50E-05,,0.578403081,0.481937363,0.426853212,1.218912248,1.137307717,0.295209764,0.250500844,0.25427444,1.227386243,0.305338547,0.289188283,0.362336403,0.219778325,128.9,0.270138025,1.845457778,34.75344126
3.6,1.8,0.18,9.36,8.12,0.0172,0.746,0.624,187.5,250,7.808671038,3000,15,6868.574537,0.32,178.5,2.50E-05,,0.54594056,0.433887933,0.364807798,1.126786589,0.991076059,0.297269061,0.267025281,0.280328094,1.24386125,0.300880506,0.277826463,0.369761466,0.197627491,231,0.348623896,2.074324154,80.46064557
3.6,1.8,0.9,10.8,8.12,0.0172,0.746,0.624,187.5,250,7.808671038,3000,15,6868.574537,0.32,178.5,2.50E-05,,0.568073598,0.466828035,0.408452329,1.031331046,1.090113321,0.295254679,0.28426051,0.261013432,1.229141771,0.293166689,0.284534219,0.362909859,0.214562566,155.4,0.292793222,1.951800011,45.42948215
3.6,1.8,1.8,12.6,8.12,0.0172,0.746,0.624,187.5,250,7.808671038,3000,15,6868.574537,0.32,178.5,2.50E-05,,0.608244938,0.506632599,0.454667101,1.201955478,1.165123393,0.249841121,0.261700646,0.249602971,1.581449912,0.314552526,0.29081826,0.395111218,0.214542998,98,0.255292994,1.672818863,24.95865996
5.4,0.9,0.18,12.06,8.12,0.0172,0.746,0.624,187.5,250,7.808671038,3000,15,6868.574537,0.32,178.5,2.50E-05,,0.54158759,0.412026248,0.345419428,1.162827549,1.109508223,0.273168503,0.261825641,0.258941511,1.41309425,0.304458068,0.287297736,0.386012841,0.202813096,403.2,0.277696882,1.652166469,111.9105092
5.4,0.9,0.9,13.5,8.12,0.0172,0.746,0.624,187.5,250,7.808671038,3000,15,6868.574537,0.32,178.5,2.50E-05,,0.547839472,0.43769217,0.379072753,1.206431858,1.128262534,0.299357155,0.256308501,0.255598711,1.223395296,0.309218741,0.28838245,0.366232135,0.219754039,298.3,0.239169568,1.599220007,71.28642248
5.4,0.9,1.8,15.3,8.12,0.0172,0.746,0.624,187.5,250,7.808671038,3000,15,6868.574537,0.32,178.5,2.50E-05,,0.579514081,0.472371762,0.413430653,1.033808299,1.083794717,0.258943018,0.282556322,0.26185768,1.492716391,0.292109071,0.28379997,0.386528488,0.219734472,207.7,0.207967678,1.410950832,43.14353193
5.4,1.8,0.18,12.96,8.12,0.0172,0.746,0.624,187.5,250,7.808671038,3000,15,6868.574537,0.32,178.5,2.50E-05,,0.544830645,0.431494745,0.364630104,1.165332512,0.990059582,0.295161826,0.26045728,0.279610547,1.249600177,0.303519336,0.276831101,0.36883427,0.197583635,323.5,0.251363127,1.497790549,81.26432352
5.4,1.8,0.9,14.4,8.12,0.0172,0.746,0.624,187.5,250,7.808671038,3000,15,6868.574537,0.32,178.5,2.50E-05,,0.559155549,0.457713746,0.394234818,1.032206296,0.982660248,0.295308057,0.282477667,0.281319969,1.233471819,0.291575226,0.27644195,0.364254166,0.214518711,240.5,0.221318528,1.463550807,53.17435549
5.4,1.8,1.8,16.2,8.12,0.0172,0.746,0.624,187.5,250,7.808671038,3000,15,6868.574537,0.32,178.5,2.50E-05,,0.587311042,0.480643281,0.428391521,1.226385428,0.989208452,0.262927948,0.250073543,0.278530973,1.45017902,0.306686549,0.275525193,0.381292594,0.21449914,168.9,0.197982696,1.300815365,33.39252173
1.8,1.8,1.8,9,0.56,0.0172,0.746,0.624,187.5,250,7.808671038,3000,15,6868.574537,0.32,178.5,2.50E-05,,0.431755725,0.399060952,0.879607101,0.83812176,1.024301543,1.149254828,0.318465238,0.27419476,0.246589238,0.266912645,0.280858116,0.283393872,0.215332378,32.75,0.679838127,2.350563265,22.25947213
1.8,1.8,1.8,9,1.78,0.0172,0.746,0.624,187.5,250,7.808671038,3000,15,6868.574537,0.32,178.5,2.50E-05,,0.639564659,0.561584992,0.814290808,1.129448561,1.198299683,1.150447441,0.313896295,0.249707457,0.248055819,0.354529719,0.299224367,0.285375182,0.21736866,26.77,0.520195304,2.372791266,13.91869384
1.8,1.8,1.8,9,3.16,0.0172,0.746,0.624,187.5,250,7.808671038,3000,15,6868.574537,0.32,178.5,2.50E-05,,0.648610456,0.563500112,0.803995028,1.145034298,1.234558024,1.072644957,0.313685057,0.243699651,0.260401692,0.359180149,0.30086136,0.279318562,0.218075144,27.48,0.441884679,2.380503231,12.13523456
1.8,1.8,1.8,9,5.62,0.0172,0.746,0.624,187.5,250,7.808671038,3000,15,6868.574537,0.32,178.5,2.50E-05,,0.650141447,0.565310493,0.805293381,1.149840383,1.147068999,1.128431959,0.313749702,0.257116728,0.253632371,0.360762078,0.294930628,0.286206874,0.218633995,28.02,0.398445487,2.386603642,11.15622109
1.8,1.8,1.8,9,8.12,0.03,0.746,0.624,187.5,250,7.808671038,3000,15,6868.574537,0.32,178.5,2.50E-05,,0.658157811,0.56540234,0.784741148,1.214031579,1.174893016,0.964890113,0.305182624,0.252529803,0.280550423,0.370501343,0.296695502,0.27070033,0.225149529,28.21,0.381904702,2.457727053,10.76478932
1.8,1.8,1.8,9,8.12,0.063,0.746,0.624,187.5,250,7.808671038,3000,15,6868.574537,0.32,178.5,2.50E-05,,0.654384031,0.565370692,0.791346219,1.129927061,1.173428082,0.961012152,0.319833752,0.253785651,0.279766341,0.361388811,0.29779921,0.268858853,0.232914177,28.22,0.38175954,2.542485775,10.76408688
1.8,1.8,1.8,9,8.12,0.1,0.746,0.624,187.5,250,7.808671038,3000,15,6868.574537,0.32,178.5,2.50E-05,,0.657204797,0.565839341,0.787938984,1.163401586,1.174984631,0.957246559,0.314920207,0.252663006,0.279562926,0.366378668,0.296875149,0.267610649,0.237689005,28.23,0.381714063,2.594607688,10.76635952
1.8,1.8,1.8,9,8.12,0.12,0.746,0.624,187.5,250,7.808671038,3000,15,6868.574537,0.32,178.5,2.50E-05,,0.658556465,0.566141543,0.786376598,1.179713611,1.175746054,0.955500067,0.312632688,0.254806777,0.279759137,0.368817037,0.299588062,0.267309874,0.239637454,28.23,0.381752609,2.61587691,10.76734148
1.8,1.8,1.8,9,8.12,0.0172,0.025,0.624,187.5,250,7.808671038,3000,15,6868.574537,0.32,178.5,2.50E-05,,0.756645699,0.798483555,0.992735229,1.292245144,1.304935388,1.13065606,0.293362385,0.238006025,0.249549688,0.379096118,0.310582485,0.282154867,0.229747181,19.23,0.516653057,2.507914919,9.927593
1.8,1.8,1.8,9,8.12,0.0172,0.05,0.624,187.5,250,7.808671038,3000,15,6868.574537,0.32,178.5,2.50E-05,,0.822823689,0.753609449,0.839898282,1.427941466,1.172003424,1.13012974,0.294222048,0.254994927,0.249786303,0.420131863,0.298854928,0.28229093,0.22755975,21.15,0.473564854,2.484036972,10.00793976
1.8,1.8,1.8,9,8.12,0.0172,0.1,0.624,187.5,250,7.808671038,3000,15,6868.574537,0.32,178.5,2.50E-05,,0.747794943,0.648920146,0.800068412,1.183416262,1.157329422,1.128370327,0.327514949,0.255613894,0.253021496,0.387586516,0.295829481,0.285501948,0.22494526,24.52,0.418643581,2.455497255,10.25677696
1.8,1.8,1.8,9,8.12,0.0172,1.3,0.624,187.5,250,7.808671038,3000,15,6868.574537,0.32,178.5,2.50E-05,,0.643427703,0.562789566,0.808893257,1.103384039,1.156763202,1.134536098,0.323393163,0.257042805,0.251637647,0.356826855,0.297337658,0.285491994,0.217778202,28.38,0.381420779,2.377261818,10.81637718
1.8,1.8,1.8,9,8.12,0.0172,0.746,0.025,187.5,250,7.808671038,3000,15,6868.574537,0.32,178.5,2.50E-05,,0.415544517,0.287219847,0.61703796,0.763261928,1.058959795,1.081213301,0.346674175,0.25597217,0.249599059,0.264603199,0.271064237,0.269869822,0.229156456,51.97,0.467472269,2.501466578,24.28642838
1.8,1.8,1.8,9,8.12,0.0172,0.746,0.1,187.5,250,7.808671038,3000,15,6868.574537,0.32,178.5,2.50E-05,,0.501630832,0.437286442,0.819717547,0.875058641,1.187722333,1.087062892,0.338513927,0.251457757,0.257594552,0.296219537,0.298661993,0.280021479,0.224713761,34.72,0.466398839,2.452970225,16.1854944
1.8,1.8,1.8,9,8.12,0.0172,0.746,1.3,187.5,250,7.808671038,3000,15,6868.574537,0.32,178.5,2.50E-05,,0.660236378,0.570322928,0.799518768,1.181731041,1.160470134,1.139548178,0.311205512,0.255963438,0.249285381,0.367761213,0.297037925,0.284072702,0.217272697,28.09,0.359745428,2.371743744,10.09671502
1.8,1.8,1.8,9,8.12,0.0172,0.746,2.4,187.5,250,7.808671038,3000,15,6868.574537,0.32,178.5,2.50E-05,,0.64819244,0.571158551,0.815700523,0.993585122,1.161159421,1.140021114,0.348488938,0.25473804,0.249234257,0.346253424,0.295791475,0.284132315,0.216117392,28.08,0.349602853,2.359132456,9.80827572
1.8,1.8,1.8,9,8.12,0.0172,0.746,0.624,300,1175,518.8020354,3000,15,6868.574537,0.32,178.5,2.50E-05,,0.583863605,0.499017043,0.768110805,1.48234315,1.210016861,1.128756583,0.256923272,0.255530075,0.264962273,0.380848452,0.309195699,0.29907791,0.222258782,62.9,0.442823617,2.426171729,27.77387395
1.8,1.8,1.8,9,8.12,0.0172,0.746,0.624,300,737.5,170.9053368,3000,15,6868.574537,0.32,178.5,2.50E-05,,0.598006439,0.516451006,0.792250549,1.19946714,1.156232832,1.165738205,0.293799849,0.260551387,0.25008138,0.352403264,0.301258069,0.291529419,0.221535699,46.6,0.419764655,2.418278572,19.4793937
1.8,1.8,1.8,9,8.12,0.0172,0.746,0.624,737.5,1175,88.49568086,3000,15,6868.574537,0.32,178.5,2.50E-05,,0.598581414,0.489416,0.742136279,1.486570516,1.221301657,1.169356951,0.260632854,0.257103174,0.256470063,0.387449116,0.314000532,0.299905051,0.223855981,80.6,0.412541189,2.443606716,33.1671657
1.8,1.8,1.8,9,8.12,0.0172,0.746,0.624,1175,737.5,88.49568086,3000,15,6868.574537,0.32,178.5,2.50E-05,,0.611032626,0.502306471,0.725402369,1.551167577,1.239074627,0.98159049,0.251695235,0.252244092,0.285810476,0.390421488,0.312549254,0.280548845,0.223274538,80.8,0.366306929,2.437259701,29.50964853
1.8,1.8,1.8,9,8.12,0.0172,0.746,0.624,737.5,300,170.9053368,3000,15,6868.574537,0.32,178.5,2.50E-05,,0.631269697,0.543165951,0.785032897,1.225595612,1.233941422,1.087600719,0.294767452,0.249132044,0.263794807,0.361265696,0.307414348,0.286903421,0.220892161,45.1,0.350273259,2.411253725,15.70907289
1.8,1.8,1.8,9,8.12,0.0172,0.746,0.624,300,300,0,3000,15,6868.574537,0.32,178.5,2.50E-05,,0.636734704,0.557900429,0.804795856,1.215701409,1.168444325,1.156708696,0.298075404,0.258952258,0.259842051,0.362370689,0.302571296,0.300561559,0.221760992,32.4,0.380836531,2.420737859,12.25344354
1.8,1.8,1.8,9,8.12,0.0172,0.746,0.624,1175,1175,0,3000,15,6868.574537,0.32,178.5,2.50E-05,,0.594861447,0.486640625,0.722896734,1.46476753,1.216274559,1.128988043,0.265238344,0.255114493,0.261008225,0.388512514,0.310289267,0.294675165,0.224008131,102.6,0.389266064,2.445267586,39.85263435
1.8,1.8,1.8,9,8.12,0.0172,0.746,0.624,1175,300,518.8020354,3000,15,6868.574537,0.32,178.5,2.50E-05,,0.633594556,0.526531764,0.744394499,1.593940521,1.147553832,1.153504599,0.250667483,0.274974919,0.255080277,0.399549059,0.315548522,0.294236273,0.221708149,61.1,0.333441698,2.420161027,20.28290421
1.8,1.8,1.8,9,8.12,0.0172,0.746,0.624,187.5,250,7.808671038,750,15,1248.742953,0.32,178.5,2.50E-05,,0.447760385,0.280809953,0.529818365,0.418456395,0.737516993,0.821713213,0.361709513,0.336893987,0.256438028,0.151359659,0.24846504,0.210718516,0.073349985,0.782142022,0.339448036,0.800686743,0.261875647
1.8,1.8,1.8,9,8.12,0.0172,0.746,0.624,187.5,250,7.808671038,1500,3,4040.358096,0.32,178.5,2.50E-05,,0.51947348,0.471160212,0.883450125,0.805549842,1.044885718,1.014332589,0.307139359,0.302663683,0.31650939,0.247416062,0.31624896,0.321045789,0.166863443,3.2,0.551297592,1.821477483,1.725823549
1.8,1.8,1.8,9,8.12,0.0172,0.746,0.624,187.5,250,7.808671038,2000,2,5994,0.32,178.5,2.50E-05,,0.658968751,0.607466639,0.883002489,1.231576639,1.136602673,1.132004224,0.294321938,0.297116408,0.24601851,0.362480023,0.337703304,0.278493992,0.196354968,6.7,0.507157558,2.143406293,3.338939315
1.8,1.8,1.8,9,8.12,0.0172,0.746,0.624,187.5,250,7.808671038,4000,15,9667.485398,0.32,178.5,2.50E-05,,0.604778,0.491406322,0.738242398,1.465184165,1.20966022,1.166821719,0.261813075,0.253482875,0.252627126,0.383604371,0.30662815,0.294770817,0.248581864,79.8,0.360940323,2.713513888,28.70073241
1.8,1.8,1.8,9,8.12,0.0172,0.746,0.624,187.5,250,7.808671038,3000,15,6868.574537,0.29,178.5,2.50E-05,,0.654741069,0.56910732,0.803878332,1.476699128,1.152612888,1.130631582,0.251897668,0.257050123,0.251532626,0.371977067,0.296279284,0.284390731,0.219628542,28.23,0.382436066,2.397460086,10.78773441
1.8,1.8,1.8,9,8.12,0.0172,0.746,0.624,187.5,250,7.808671038,3000,15,6868.574537,0.32,178.5,2.50E-05,,0.655119315,0.569279707,0.803443826,1.484864771,1.153480913,1.131574207,0.25152249,0.257714827,0.252150666,0.373476885,0.297269133,0.285327189,0.219836913,28.24,0.381887197,2.399734663,10.77604204
1.8,1.8,1.8,9,8.12,0.0172,0.746,0.624,187.5,250,7.808671038,3000,15,6868.574537,0.49,178.5,2.50E-05,,0.657286318,0.56829814,0.80126899,1.52575934,1.150374606,1.13298099,0.246794866,0.25757989,0.251124441,0.376549572,0.296313365,0.284519218,0.220941629,28.27,0.37929321,2.411793718,10.71408032
1.8,1.8,1.8,9,8.12,0.0172,0.746,0.624,187.5,250,7.808671038,3000,15,6868.574537,0.32,0.1,2.50E-05,,0.641685592,0.536292021,0.771218425,1.55339614,1.218077936,1.083665386,0.297010089,0.295612558,0.311417808,0.461374325,0.360079134,0.3374727,0.228596339,39.63,0.369001101,2.495352358,14.61445408
1.8,1.8,1.8,9,8.12,0.0172,0.746,0.624,187.5,250,7.808671038,3000,15,6868.574537,0.32,1,2.50E-05,,0.642510361,0.536482505,0.769885837,1.575628884,1.209294085,1.081638865,0.292102503,0.297010167,0.311144608,0.46024514,0.359172638,0.336546101,0.228552094,39.57,0.368978373,2.494869376,14.5914168
1.8,1.8,1.8,9,8.12,0.0172,0.746,0.624,187.5,250,7.808671038,3000,15,6868.574537,0.32,10,2.50E-05,,0.640875539,0.535345226,0.770970868,1.512810852,1.188958351,1.06013769,0.297095182,0.296732377,0.311513308,0.449448815,0.352802438,0.330246999,0.228109642,38.91,0.369415918,2.49003958,14.36494465
1.8,1.8,1.8,9,8.12,0.0172,0.746,0.624,187.5,250,7.808671038,3000,15,6868.574537,0.32,100,2.50E-05,,0.646990086,0.549969531,0.788461804,1.438068755,1.196815749,1.07408016,0.278235572,0.26975691,0.281789062,0.400121883,0.322849319,0.302664041,0.22368796,32.82,0.375221629,2.441772597,12.30604467
0.9,0.9,0.18,3.06,8.12,0.0172,0.746,0.624,187.5,250,7.808671038,3000,15,6868.574537,0.32,178.5,5.00E-05,,0.603416718,0.496834867,0.727627699,1.408801396,1.161865209,1.101392715,0.2327367,0.222282646,0.222714013,0.327879788,0.258262473,0.245295592,0.203457871,16.39,1.982814211,13.06436127,32.45122838
0.9,0.9,0.9,4.5,8.12,0.0172,0.746,0.624,187.5,250,7.808671038,3000,15,6868.574537,0.32,178.5,5.00E-05,,0.664394512,0.583536715,0.823029691,1.427743019,1.225451835,1.104457035,0.217357354,0.212773069,0.218500736,0.310330445,0.260743148,0.241324675,0.208522877,5.01,1.611698574,9.104923624,8.044114326
0.9,0.9,1.2,5.1,8.12,0.0172,0.746,0.624,187.5,250,7.808671038,3000,15,6868.574537,0.32,178.5,5.00E-05,,0.659409674,0.584771677,0.840816194,1.350370487,1.178411521,1.157692433,0.224536085,0.21480038,0.216029849,0.303206903,0.253123243,0.250096121,0.208409083,3.52,1.705505903,8.029371984,5.979337294
0.9,0.9,1.8,6.3,8.12,0.0172,0.746,0.624,187.5,250,7.808671038,3000,15,6868.574537,0.32,178.5,5.00E-05,,0.51952654,0.458956417,0.831937902,1.005060511,1.085643379,0.951120658,0.236045433,0.21831313,0.235637522,0.237239944,0.237010204,0.224119715,0.208181494,2.47,1.809084347,6.492869667,4.453289325
0.9,1.2,0.18,3.36,8.12,0.0172,0.746,0.624,187.5,250,7.808671038,3000,15,6868.574537,0.32,178.5,5.00E-05,,0.614627826,0.52031115,0.765472005,1.23700569,1.182430418,0.984966425,0.250322892,0.219660062,0.239289646,0.309650842,0.259732739,0.235692267,0.199966764,11.57,1.810181804,11.69374595,20.9019781
0.9,1.2,0.9,4.8,8.12,0.0172,0.746,0.624,187.5,250,7.808671038,3000,15,6868.574537,0.32,178.5,5.00E-05,,0.670509322,0.588297465,0.825286782,1.455742585,1.026017288,1.143982912,0.210368115,0.23967731,0.215680593,0.306241823,0.245913064,0.246734913,0.205031213,3.89,1.690674142,8.392934939,6.550652238
1.8,0.9,0.18,4.86,8.12,0.0172,0.746,0.624,187.5,250,7.808671038,3000,15,6868.574537,0.32,178.5,5.00E-05,,0.567640382,0.462722692,0.713469298,1.248367954,1.040641469,1.083370572,0.251463784,0.240920989,0.225312546,0.313919329,0.250712372,0.244096982,0.198847352,39.38,1.286028008,8.039307779,50.61543616
1.8,0.9,0.9,6.3,8.12,0.0172,0.746,0.624,187.5,250,7.808671038,3000,15,6868.574537,0.32,178.5,5.00E-05,,0.623309128,0.528420044,0.7611963,1.606480513,1.219774513,0.991309117,0.208544846,0.215190764,0.237816833,0.335023231,0.26248421,0.235749995,0.207123107,17.69,1.031226514,6.459860158,18.21963053
1.8,0.9,1.8,8.1,8.12,0.0172,0.746,0.624,187.5,250,7.808671038,3000,15,6868.574537,0.32,178.5,5.00E-05,,0.618655832,0.539367589,0.820058345,1.396473785,1.206444805,1.091381491,0.219999106,0.216098986,0.22174915,0.307222984,0.260711499,0.242012918,0.206781908,8.27,1.072159273,5.016058951,8.851794863
1.8,1.8,0.18,5.76,8.12,0.0172,0.746,0.624,187.5,250,7.808671038,3000,15,6868.574537,0.32,178.5,5.00E-05,,0.61512667,0.517002544,0.750338642,1.604150007,1.062192451,1.007024843,0.210332147,0.240565656,0.236740402,0.337404315,0.255527024,0.238403466,0.18837352,21.22,1.094966279,6.425878112,23.21315354
1.8,1.8,0.9,7.2,8.12,0.0172,0.746,0.624,187.5,250,7.808671038,3000,15,6868.574537,0.32,178.5,5.00E-05,,0.634199516,0.550783577,0.805556388,1.476430121,1.054129009,1.123157921,0.21740198,0.234289564,0.216672584,0.320978831,0.246971426,0.243357529,0.196649144,10.51,1.045922613,5.366543769,10.97559239
1.8,1.8,1.8,9,8.12,0.0172,0.746,0.624,187.5,250,7.808671038,3000,15,6868.574537,0.32,178.5,5.00E-05,,0.540382452,0.485052757,0.845361253,1.094782209,1.202856466,1.099839892,0.236927625,0.212955555,0.220502695,0.259384149,0.256154967,0.24251766,0.196307902,6.18,1.153044486,4.285785034,7.115377132
3.6,0.9,0.18,8.46,8.12,0.0172,0.746,0.624,187.5,250,7.808671038,3000,15,6868.574537,0.32,178.5,5.00E-05,,0.578727089,0.468325676,0.709803749,1.601331609,1.048829673,1.093185575,0.21329359,0.239960142,0.224704339,0.341553768,0.251677317,0.245643543,0.198752845,69.29,0.740181134,4.616130782,51.27089164
3.6,0.9,0.9,9.9,8.12,0.0172,0.746,0.624,187.5,250,7.808671038,3000,15,6868.574537,0.32,178.5,5.00E-05,,0.584689294,0.498595228,0.769021667,1.256716531,1.149826667,1.125244495,0.249780396,0.224926284,0.218924112,0.313903153,0.25862624,0.246343152,0.207028316,42.25,0.646254068,4.108938758,27.28965654
3.6,0.9,1.8,11.7,8.12,0.0172,0.746,0.624,187.5,250,7.808671038,3000,15,6868.574537,0.32,178.5,5.00E-05,,0.598539264,0.5226789,0.807643359,1.24476523,1.212449805,1.168443647,0.247306444,0.215452419,0.212737695,0.307838462,0.261225244,0.248572008,0.20668707,24.69,0.629684874,3.4710635,15.535442
3.6,1.8,0.18,9.36,8.12,0.0172,0.746,0.624,187.5,250,7.808671038,3000,15,6868.574537,0.32,178.5,5.00E-05,,0.59451203,0.488682243,0.737413894,1.585944935,1.063458673,1.095619463,0.213258161,0.236538463,0.223525181,0.338215701,0.25154888,0.244898539,0.188279476,48,0.673031553,3.952412335,32.29195804
3.6,1.8,0.9,10.8,8.12,0.0172,0.746,0.624,187.5,250,7.808671038,3000,15,6868.574537,0.32,178.5,5.00E-05,,0.608338526,0.516627107,0.781060592,1.50127275,1.059818648,1.166023651,0.220450389,0.23702858,0.214187567,0.330956162,0.251207309,0.249747769,0.196554679,30.25,0.630498888,3.575977221,19.06056163
3.6,1.8,1.8,12.6,8.12,0.0172,0.746,0.624,187.5,250,7.808671038,3000,15,6868.574537,0.32,178.5,5.00E-05,,0.608588023,0.523805559,0.8049865,1.559090335,1.05886009,1.1484371,0.20905201,0.236616754,0.216805456,0.325930968,0.250544038,0.248987429,0.196213437,18.8,0.661602581,3.059801915,12.42905597
5.4,0.9,0.18,12.06,8.12,0.0172,0.746,0.624,187.5,250,7.808671038,3000,15,6868.574537,0.32,178.5,5.00E-05,,0.577194403,0.474268532,0.72831096,1.50589293,1.19841454,1.170550197,0.222663106,0.219343232,0.214985104,0.335306797,0.262864119,0.251650856,0.198665994,86.47,0.516469984,3.236766275,44.64773328
5.4,0.9,0.9,13.5,8.12,0.0172,0.746,0.624,187.5,250,7.808671038,3000,15,6868.574537,0.32,178.5,5.00E-05,,0.594612003,0.498549709,0.76031362,1.583887723,1.203886359,1.150250693,0.213493523,0.218022845,0.216311711,0.33814977,0.262474729,0.248812695,0.206941657,60.05,0.47425501,3.011960457,28.46833232
5.4,0.9,1.8,15.3,8.12,0.0172,0.746,0.624,187.5,250,7.808671038,3000,15,6868.574537,0.32,178.5,5.00E-05,,0.590772317,0.511176644,0.79966504,1.259828306,1.26892173,1.125461786,0.249680045,0.210570409,0.219777709,0.314553988,0.267197367,0.247351413,0.206600238,39.88,0.465168395,2.653227558,18.54198049
5.4,1.8,0.18,12.96,8.12,0.0172,0.746,0.624,187.5,250,7.808671038,3000,15,6868.574537,0.32,178.5,5.00E-05,,0.581054072,0.486579078,0.762206252,1.289289976,1.060115117,1.128566556,0.245999942,0.236103698,0.219922094,0.31716526,0.250297099,0.24819672,0.188192614,66.18,0.487016221,2.853203086,32.22095889
5.4,1.8,0.9,14.4,8.12,0.0172,0.746,0.624,187.5,250,7.808671038,3000,15,6868.574537,0.32,178.5,5.00E-05,,0.589820411,0.508004269,0.789441106,1.283056922,1.163836274,1.143009937,0.246138154,0.222703364,0.216994133,0.315809262,0.259190253,0.248026451,0.196468332,46.85,0.466357979,2.680804709,21.83979011
5.4,1.8,1.8,16.2,8.12,0.0172,0.746,0.624,187.5,250,7.808671038,3000,15,6868.574537,0.32,178.5,5.00E-05,,0.597855704,0.516070028,0.792441903,1.443216246,1.204043546,1.006532004,0.223620971,0.217114855,0.237012382,0.322733418,0.26141574,0.238560548,0.196126602,32.21,0.479555121,2.378792722,15.43906907
1.8,1.8,1.8,9,1,0.0172,0.746,0.624,187.5,250,7.808671038,3000,15,6868.574537,0.32,178.5,5.00E-05,,0.271250692,0.207266012,0.733619537,0.626616448,0.948043603,1.05971154,0.261873998,0.230199853,0.21580067,0.164094555,0.218239498,0.228686461,0.193506209,11.67,1.372786763,4.224618615,16.01220791
1.8,1.8,1.8,9,1.78,0.0172,0.746,0.624,187.5,250,7.808671038,3000,15,6868.574537,0.32,178.5,5.00E-05,,0.331353013,0.28751825,0.838266005,0.738276938,0.992286039,1.12947618,0.254297101,0.234687027,0.210821542,0.187741685,0.23287666,0.23811791,0.195945689,8.92,1.383967886,4.277877236,12.33663036
1.8,1.8,1.8,9,3.16,0.0172,0.746,0.624,187.5,250,7.808671038,3000,15,6868.574537,0.32,178.5,5.00E-05,,0.416990016,0.379597509,0.865981665,0.891227479,1.142055789,1.069342512,0.246851249,0.216261222,0.222076562,0.220000617,0.246982381,0.237475909,0.196746509,7.12,1.355890981,4.295360692,9.645209787
1.8,1.8,1.8,9,5.62,0.0172,0.746,0.624,187.5,250,7.808671038,3000,15,6868.574537,0.32,178.5,5.00E-05,,0.507631636,0.450857538,0.84381548,1.15759618,1.195146511,1.102352755,0.221448983,0.212720063,0.220661188,0.256348497,0.254231641,0.243246469,0.197360277,6.12,1.283204772,4.308760439,7.843684642
1.8,1.8,1.8,9,8.12,0.03,0.746,0.624,187.5,250,7.808671038,3000,15,6868.574537,0.32,178.5,5.00E-05,,0.548194749,0.486350162,0.84082227,1.213343022,1.201095498,1.105054926,0.226767595,0.21130295,0.219102826,0.275146879,0.253795022,0.242120658,0.20743169,5.76,1.235470429,4.528639067,7.105209654
1.8,1.8,1.8,9,8.12,0.063,0.746,0.624,187.5,250,7.808671038,3000,15,6868.574537,0.32,178.5,5.00E-05,,0.548721351,0.485640026,0.841807182,1.280409728,1.204628259,1.109500842,0.219343538,0.211800511,0.218678688,0.280849599,0.255140881,0.242624188,0.218050054,5.76,1.244150256,4.760458711,7.154132354
1.8,1.8,1.8,9,8.12,0.1,0.746,0.624,187.5,250,7.808671038,3000,15,6868.574537,0.32,178.5,5.00E-05,,0.537350843,0.487238528,0.859301547,1.057561362,1.208834635,1.108633928,0.249545389,0.211955385,0.219695796,0.263909561,0.25621901,0.243562213,0.223748958,5.76,1.248600219,4.884876903,7.17918482
1.8,1.8,1.8,9,8.12,0.12,0.746,0.624,187.5,250,7.808671038,3000,15,6868.574537,0.32,178.5,5.00E-05,,0.5364164,0.487046653,0.862347183,1.053784287,1.211479478,1.108518994,0.247155863,0.212796971,0.216758847,0.260448965,0.257799163,0.240281299,0.225957675,5.76,1.250126024,4.933097512,7.18774707
1.8,1.8,1.8,9,8.12,0.0172,0.025,0.624,187.5,250,7.808671038,3000,15,6868.574537,0.32,178.5,5.00E-05,,0.344639954,0.288583361,0.914075252,0.725919948,1.159145156,1.153805689,0.247559868,0.204129831,0.212471593,0.179708646,0.236616104,0.245150933,0.20353679,6.38,1.30798114,4.443605785,8.334965666
1.8,1.8,1.8,9,8.12,0.0172,0.05,0.624,187.5,250,7.808671038,3000,15,6868.574537,0.32,178.5,5.00E-05,,0.359160047,0.339459612,1.054999175,0.759056793,1.033699566,1.17128164,0.249260748,0.2296614,0.208880131,0.189203064,0.237400889,0.244657462,0.203881071,6.31,1.339761206,4.451122114,8.444224484
1.8,1.8,1.8,9,8.12,0.0172,0.1,0.624,187.5,250,7.808671038,3000,15,6868.574537,0.32,178.5,5.00E-05,,0.404309539,0.407445572,1.050678206,0.909860311,1.0547089,1.099282333,0.237408563,0.230704159,0.221647683,0.216008629,0.24332573,0.243653382,0.20254569,6.1,1.334665286,4.421968142,8.13188139
1.8,1.8,1.8,9,8.12,0.0172,1.3,0.624,187.5,250,7.808671038,3000,15,6868.574537,0.32,178.5,5.00E-05,,0.558296609,0.478694291,0.812382146,1.287315538,1.146549605,1.123144974,0.218459534,0.221612044,0.221196492,0.281226353,0.254089201,0.248435728,0.196610253,5.82,1.195984105,4.292385963,6.950311699
1.8,1.8,1.8,9,8.12,0.0172,0.746,0.025,187.5,250,7.808671038,3000,15,6868.574537,0.32,178.5,5.00E-05,,0.42913094,0.282747861,0.499503858,0.936339747,1.039030488,1.009837752,0.247777513,0.211264336,0.211949474,0.232003934,0.219510087,0.21403458,0.203583283,15.11,1.030779353,4.444620822,15.56234311
1.8,1.8,1.8,9,8.12,0.0172,0.746,0.1,187.5,250,7.808671038,3000,15,6868.574537,0.32,178.5,5.00E-05,,0.427161007,0.304077751,0.607022314,0.916505789,1.091832381,1.056876973,0.251318338,0.213872988,0.217642051,0.230334711,0.233513454,0.230020872,0.202474388,10.15,1.149776014,4.420411487,11.65880407
1.8,1.8,1.8,9,8.12,0.0172,0.746,1.3,187.5,250,7.808671038,3000,15,6868.574537,0.32,178.5,5.00E-05,,0.594944769,0.547144738,0.876610649,1.172029374,1.167837806,1.137931051,0.236148642,0.221297981,0.214800243,0.276773145,0.258440148,0.244427866,0.196133161,5.08,1.217709894,4.281970104,6.175918079
1.8,1.8,1.8,9,8.12,0.0172,0.746,2.4,187.5,250,7.808671038,3000,15,6868.574537,0.32,178.5,5.00E-05,,0.624372186,0.57974527,0.884302276,1.211990287,1.176171813,1.139153003,0.239507845,0.221259989,0.214253822,0.290281182,0.260239763,0.244067885,0.195029878,4.79,1.203117627,4.257883276,5.752864064
1.8,1.8,1.8,9,8.12,0.0172,0.746,0.624,300,1175,518.8020354,3000,15,6868.574537,0.32,178.5,5.00E-05,,0.43966252,0.334988375,0.717982702,0.985332986,1.177295879,1.118778551,0.256515611,0.219853365,0.247335898,0.252753293,0.258832461,0.276714097,0.201234087,18.4,0.998189228,4.393333294,18.24155117
1.8,1.8,1.8,9,8.12,0.0172,0.746,0.624,300,737.5,170.9053368,3000,15,6868.574537,0.32,178.5,5.00E-05,,0.481778456,0.386075866,0.753036819,1.170319146,1.037483841,1.160532536,0.239525859,0.259410578,0.240665119,0.280321699,0.269134283,0.279299701,0.20046322,12.2,1.0628494,4.376503765,12.84904114
1.8,1.8,1.8,9,8.12,0.0172,0.746,0.624,737.5,1175,88.49568086,3000,15,6868.574537,0.32,178.5,5.00E-05,,0.490908316,0.406432065,0.777432969,1.093848177,1.157557969,1.166178884,0.256021524,0.235597904,0.216734569,0.280048677,0.272718232,0.252751278,0.202935462,19.9,1.035993439,4.430477632,20.49300969
1.8,1.8,1.8,9,8.12,0.0172,0.746,0.624,737.5,300,170.9053368,3000,15,6868.574537,0.32,178.5,5.00E-05,,0.584197985,0.590116997,0.963913905,1.395573149,1.110417528,1.192136965,0.224417172,0.256371725,0.235232798,0.313190579,0.284679658,0.280429714,0.200520435,8,1.176551035,4.37775287,9.305841754
1.8,1.8,1.8,9,8.12,0.0172,0.746,0.624,1175,300,518.8020354,3000,15,6868.574537,0.32,178.5,5.00E-05,,0.662798181,0.672599423,0.969458886,1.624540718,1.104871004,1.195815788,0.212007386,0.240374037,0.226957047,0.344414631,0.265582304,0.271398821,0.201375496,9.41669924,1.11644736,4.396420526,10.48349995
1.8,1.8,1.8,9,8.12,0.0172,0.746,0.624,300,300,0,3000,15,6868.574537,0.32,178.5,5.00E-05,,0.54867206,0.486542206,0.848380208,1.301355439,1.191411614,1.17763935,0.237532254,0.237422912,0.216129174,0.309113891,0.282868415,0.25452222,0.202098544,7,1.162117885,4.412206065,8.025537397
1.8,1.8,1.8,9,8.12,0.0172,0.746,0.624,1175,1175,0,3000,15,6868.574537,0.32,178.5,5.00E-05,,0.54155031,0.475407377,0.800791437,1.193093756,1.175794743,1.01415037,0.260660594,0.238419176,0.239202263,0.310992527,0.280332014,0.242587064,0.203790139,22,1.038174325,4.449136895,22.71574401
1.8,1.8,1.8,9,8.12,0.0172,0.746,0.624,1175,300,518.8020354,3000,15,6868.574537,0.32,178.5,5.00E-05,,0.662798181,0.672599423,0.969458886,1.624540718,1.104871004,1.195815788,0.212007386,0.240374037,0.226957047,0.344414631,0.265582304,0.271398821,0.201375496,9.41669924,1.11644736,4.396420526,10.48349995
1.8,1.8,1.8,9,8.12,0.0172,0.746,0.624,187.5,250,7.808671038,750,15,1248.742953,0.32,178.5,5.00E-05,,0.540097378,0.289456199,0.366155316,0.59687586,0.754095968,0.795807583,0.332129535,0.37022151,0.186402817,0.198240102,0.279182548,0.148340775,0.052081686,0.285176851,0.526676428,1.137044962,0.145907427
1.8,1.8,1.8,9,8.12,0.0172,0.746,0.624,187.5,250,7.808671038,1500,3,4040.358096,0.32,178.5,5.00E-05,,0.303016747,0.204392009,0.602459628,0.558569677,0.965885008,0.977319995,0.338813757,0.27145229,0.238300915,0.189251091,0.262191697,0.232896249,0.141743647,1.5,1.148521908,3.094540749,1.67822772
1.8,1.8,1.8,9,8.12,0.0172,0.746,0.624,187.5,250,7.808671038,2000,2,5994,0.32,178.5,5.00E-05,,0.357920037,0.290581321,0.765042907,0.731998672,1.084391163,1.062743192,0.335199298,0.286143245,0.228213074,0.245365441,0.310291206,0.24253189,0.177930714,2.544828612,1.22353473,3.884575133,3.098576029
1.8,1.8,1.8,9,8.12,0.0172,0.746,0.624,187.5,250,7.808671038,4000,15,9667.485398,0.32,178.5,5.00E-05,,0.616014002,0.531845982,0.804637561,1.564692325,1.224781562,1.18773361,0.220973312,0.231852165,0.227891849,0.345755245,0.283968257,0.270674809,0.227333171,15.4,0.962046961,4.963127293,14.65813492
1.8,1.8,1.8,9,8.12,0.0172,0.746,0.624,187.5,250,7.808671038,3000,15,6868.574537,0.29,178.5,5.00E-05,,0.54353597,0.475177946,0.836596119,1.194982383,1.193895071,1.110218332,0.22797453,0.212761572,0.220003495,0.272425548,0.254014992,0.244251914,0.199054689,6.19,1.156235019,4.34575277,7.146386118
1.8,1.8,1.8,9,8.12,0.0172,0.746,0.624,187.5,250,7.808671038,3000,15,6868.574537,0.32,178.5,5.00E-05,,0.545592482,0.475566236,0.835338554,1.200667817,1.190823464,1.111755198,0.229457973,0.21535439,0.218689155,0.275502804,0.256449061,0.243128805,0.199402226,6.18,1.154379977,4.353340192,7.123303097
1.8,1.8,1.8,9,8.12,0.0172,0.746,0.624,187.5,250,7.808671038,3000,15,6868.574537,0.49,178.5,5.00E-05,,0.553186137,0.480928093,0.833115876,1.224654752,1.198036554,1.118914074,0.228339105,0.212518785,0.218415271,0.279636571,0.254605272,0.244387921,0.201228818,6.13,1.144205548,4.393218258,7.002913659
1.8,1.8,1.8,9,8.12,0.0172,0.746,0.624,187.5,250,7.808671038,3000,15,6868.574537,0.32,0.1,5.00E-05,,0.598688656,0.528334177,0.816677566,1.184809057,1.195996217,0.983503064,0.346928568,0.299856461,0.332310939,0.411044109,0.358627193,0.326828827,0.218104364,10.77,0.997713473,4.761644393,10.7309976
1.8,1.8,1.8,9,8.12,0.0172,0.746,0.624,187.5,250,7.808671038,3000,15,6868.574537,0.32,1,5.00E-05,,0.609258094,0.529372712,0.80255472,1.39919527,1.199300852,0.983689234,0.311070388,0.298423369,0.335217775,0.435248216,0.357899401,0.329750117,0.218015655,10.74,0.998274449,4.759707709,10.70710818
1.8,1.8,1.8,9,8.12,0.0172,0.746,0.624,187.5,250,7.808671038,3000,15,6868.574537,0.32,10,5.00E-05,,0.611250493,0.527397074,0.807319125,1.453695992,1.141657607,1.108962402,0.294541836,0.305299816,0.301717898,0.428174287,0.348547857,0.334593805,0.217129397,10.4,1.007715542,4.740358955,10.46607168
1.8,1.8,1.8,9,8.12,0.0172,0.746,0.624,187.5,250,7.808671038,3000,15,6868.574537,0.32,100,5.00E-05,,0.580625609,0.512688049,0.832825852,1.161982637,1.025119191,1.156041523,0.281576878,0.275271589,0.24355724,0.327187444,0.282186188,0.281562283,0.208292926,7.72,1.09567137,4.547441544,8.446259156
0.9,0.9,0.18,3.06,8.12,0.0172,0.746,0.624,187.5,250,7.808671038,3000,15,6868.574537,0.32,178.5,1.00E-04,,0.651018292,0.563576861,0.804887598,1.589289312,1.254675059,1.121678651,0.168782164,0.167935048,0.176041669,0.268243689,0.210703916,0.197462181,0.172988156,2.26,4.51379349,22.21570257,10.13208422
0.9,0.9,0.9,4.5,8.12,0.0172,0.746,0.624,187.5,250,7.808671038,3000,15,6868.574537,0.32,178.5,1.00E-04,,0.417935642,0.371434411,0.856497407,0.860108252,1.115972962,1.132779873,0.19803696,0.180592013,0.169465607,0.170333223,0.201535803,0.191967229,0.177680368,1.04,4.846322354,15.51643837,5.00895541
0.9,0.9,1.2,5.1,8.12,0.0172,0.746,0.624,187.5,250,7.808671038,3000,15,6868.574537,0.32,178.5,1.00E-04,,0.32602892,0.273187207,0.789288496,0.687472312,1.102128284,0.999263229,0.216179244,0.1733239,0.176332506,0.148617244,0.191025172,0.176202589,0.177452695,1.01,4.501532188,13.67343192,4.521440847
0.9,0.9,1.8,6.3,8.12,0.0172,0.746,0.624,187.5,250,7.808671038,3000,15,6868.574537,0.32,178.5,1.00E-04,,0.256094637,0.164505068,0.57159978,0.563412779,0.946306733,1.013175749,0.222153384,0.196065978,0.192948622,0.125164055,0.185538555,0.195490865,0.176997367,1.02,3.845592266,11.04056667,3.904206473
0.9,1.2,0.18,3.36,8.12,0.0172,0.746,0.624,187.5,250,7.808671038,3000,15,6868.574537,0.32,178.5,1.00E-04,,0.637472699,0.569136936,0.84760601,1.284488474,1.087414506,1.17211845,0.193095419,0.182483392,0.167353911,0.24802884,0.198435088,0.196158607,0.166010948,1.57,4.877704489,19.41612502,7.606820571
0.9,1.2,0.9,4.8,8.12,0.0172,0.746,0.624,187.5,250,7.808671038,3000,15,6868.574537,0.32,178.5,1.00E-04,,0.350055489,0.295317256,0.799853448,0.726817631,1.035239852,1.009644346,0.206700397,0.205685795,0.170734648,0.150233493,0.212934132,0.172381272,0.170695116,1.01,4.575876435,13.97477956,4.595539639
1.8,0.9,0.18,4.86,8.12,0.0172,0.746,0.624,187.5,250,7.808671038,3000,15,6868.574537,0.32,178.5,1.00E-04,,0.621654793,0.533553287,0.798074194,1.569033585,1.08097801,1.186454361,0.171287589,0.184621754,0.168006242,0.268755979,0.199572056,0.199331739,0.179830317,5.6,2.692824792,14.54091542,15.03202385
1.8,0.9,0.9,6.3,8.12,0.0172,0.746,0.624,187.5,250,7.808671038,3000,15,6868.574537,0.32,178.5,1.00E-04,,0.529364892,0.475594819,0.847938301,1.151578814,1.226725435,1.117990087,0.196259507,0.168241158,0.17344087,0.22600829,0.206385708,0.193905173,0.180723589,2.74,2.93952676,11.27299726,8.025807918
1.8,0.9,1.8,8.1,8.12,0.0172,0.746,0.624,187.5,250,7.808671038,3000,15,6868.574537,0.32,178.5,1.00E-04,,0.321123274,0.25561627,0.759126664,0.719816725,1.084658956,1.001962688,0.206825103,0.176135075,0.188518551,0.148876169,0.191046487,0.188888554,0.180040971,2.32,2.696629702,8.734769248,6.238264173
1.8,1.8,0.18,5.76,8.12,0.0172,0.746,0.624,187.5,250,7.808671038,3000,15,6868.574537,0.32,178.5,1.00E-04,,0.567275264,0.510607006,0.854062279,1.245521491,1.095730788,1.158761012,0.183941088,0.18695002,0.175150792,0.229102578,0.204846892,0.202957909,0.158883207,3.08,2.928097647,10.83978386,8.991946726
1.8,1.8,0.9,7.2,8.12,0.0172,0.746,0.624,187.5,250,7.808671038,3000,15,6868.574537,0.32,178.5,1.00E-04,,0.373325704,0.324317035,0.824414823,0.845009986,1.151632057,1.035350308,0.193381224,0.177597756,0.189859314,0.163409066,0.204527269,0.196570899,0.159776488,2.38,2.733513719,8.720582281,6.48816091
1.8,1.8,1.8,9,8.12,0.0172,0.746,0.624,187.5,250,7.808671038,3000,15,6868.574537,0.32,178.5,1.00E-04,,0.270082569,0.184149139,0.617365574,0.620212107,1.008816981,1.06656735,0.214343674,0.180264723,0.178264906,0.132938542,0.181854114,0.190131528,0.159093875,2.29,2.364791015,6.94666027,5.403231462
3.6,0.9,0.18,8.46,8.12,0.0172,0.746,0.624,187.5,250,7.808671038,3000,15,6868.574537,0.32,178.5,1.00E-04,,0.613263706,0.522827627,0.797467108,1.629262473,1.246232211,1.125574318,0.165072295,0.169759462,0.174394295,0.268946095,0.21155971,0.19629374,0.179644728,9.68,1.550755847,8.344671083,14.98394319
3.6,0.9,0.9,9.9,8.12,0.0172,0.746,0.624,187.5,250,7.808671038,3000,15,6868.574537,0.32,178.5,1.00E-04,,0.544001099,0.482309591,0.825745298,1.402986995,1.180332943,1.025251117,0.169774793,0.174216879,0.193097601,0.238191826,0.205633922,0.197973531,0.180538142,6.3,1.628040685,7.1663643,10.2361217
3.6,0.9,1.8,11.7,8.12,0.0172,0.746,0.624,187.5,250,7.808671038,3000,15,6868.574537,0.32,178.5,1.00E-04,,0.383155695,0.327651515,0.818807988,0.896374706,1.03320485,1.139661975,0.197797116,0.184254783,0.170878533,0.177300331,0.190372935,0.194743767,0.17985549,5.28,1.578604432,6.040918073,8.319778545
3.6,1.8,0.18,9.36,8.12,0.0172,0.746,0.624,187.5,250,7.808671038,3000,15,6868.574537,0.32,178.5,1.00E-04,,0.575481133,0.508915995,0.831947573,1.466911421,1.209817192,1.193396973,0.171957562,0.175032498,0.174663729,0.252246511,0.211757325,0.208443165,0.158697677,6.83,1.620874962,6.662846821,11.05242811
3.6,1.8,0.9,10.8,8.12,0.0172,0.746,0.624,187.5,250,7.808671038,3000,15,6868.574537,0.32,178.5,1.00E-04,,0.43582475,0.387581654,0.848925003,1.024553246,1.227246751,1.135514705,0.190094741,0.168284057,0.175990215,0.194762184,0.206526062,0.199839477,0.159590957,5.49,1.591982189,5.806970672,8.72596234
3.6,1.8,1.8,12.6,8.12,0.0172,0.746,0.624,187.5,250,7.808671038,3000,15,6868.574537,0.32,178.5,1.00E-04,,0.328730134,0.255087366,0.732104608,0.789518427,1.120759102,1.012189768,0.196892475,0.174223347,0.181676513,0.155450237,0.195262402,0.183891107,0.158908344,5.1,1.473297089,4.956113741,7.503003443
5.4,0.9,0.18,12.06,8.12,0.0172,0.746,0.624,187.5,250,7.808671038,3000,15,6868.574537,0.32,178.5,1.00E-04,,0.6015253,0.519107177,0.810263559,1.586251875,1.268345194,1.14096016,0.167134422,0.165909336,0.171791752,0.265117291,0.210430309,0.196007545,0.179469927,11.94,1.093057349,5.848028597,13.03198185
5.4,0.9,0.9,13.5,8.12,0.0172,0.746,0.624,187.5,250,7.808671038,3000,15,6868.574537,0.32,178.5,1.00E-04,,0.51957701,0.459909775,0.837737691,1.331212601,1.083344946,1.171771483,0.174224415,0.184749081,0.168512608,0.231929737,0.200146983,0.197458269,0.180363416,9.21,1.114139483,5.250247674,10.24539183
5.4,0.9,1.8,15.3,8.12,0.0172,0.746,0.624,187.5,250,7.808671038,3000,15,6868.574537,0.32,178.5,1.00E-04,,0.4005096,0.339559093,0.808479948,0.945493118,1.190660324,1.111955934,0.194447407,0.17051886,0.175122741,0.183848685,0.203030041,0.194728771,0.179680744,8.13,1.079756635,4.61503729,8.765508008
5.4,1.8,0.18,12.96,8.12,0.0172,0.746,0.624,187.5,250,7.808671038,3000,15,6868.574537,0.32,178.5,1.00E-04,,0.540627593,0.482685747,0.848341428,1.255881379,1.272457232,1.15259594,0.184693632,0.170770795,0.17176344,0.231953294,0.217298533,0.197973844,0.158522879,9.69,1.112303382,4.806755778,10.76455322
5.4,1.8,0.9,14.4,8.12,0.0172,0.746,0.624,187.5,250,7.808671038,3000,15,6868.574537,0.32,178.5,1.00E-04,,0.448916998,0.386995232,0.82571919,1.190551847,1.226365039,1.122630733,0.174064514,0.168701191,0.180292145,0.207232829,0.206889242,0.202401503,0.159416158,8.39,1.086733851,4.350457749,9.106136234
5.4,1.8,1.8,16.2,8.12,0.0172,0.746,0.624,187.5,250,7.808671038,3000,15,6868.574537,0.32,178.5,1.00E-04,,0.357663215,0.281549058,0.742679137,0.862667615,1.029960775,1.139555803,0.198398045,0.18215076,0.16831254,0.171151568,0.187608138,0.191801531,0.158733544,7.86,1.028174358,3.850514897,8.071878622
1.8,1.8,1.8,9,0.56,0.0172,0.746,0.624,187.5,250,7.808671038,3000,15,6868.574537,0.32,178.5,1.00E-04,,0.271411616,0.116636845,0.270086946,0.72499975,0.835483006,0.828275454,0.193119964,0.202387685,0.183613868,0.140011926,0.169091472,0.15208286,0.150485567,6.86,1.878554223,6.570787869,12.87173203
1.8,1.8,1.8,9,1.78,0.0172,0.746,0.624,187.5,250,7.808671038,3000,15,6868.574537,0.32,178.5,1.00E-04,,0.232303622,0.119552636,0.391732194,0.590669313,0.870176434,0.962385856,0.22292318,0.20941402,0.205415249,0.131673882,0.182227145,0.19768873,0.152489175,4.22,2.243965618,6.658273223,9.457596536
1.8,1.8,1.8,9,3.16,0.0172,0.746,0.624,187.5,250,7.808671038,3000,15,6868.574537,0.32,178.5,1.00E-04,,0.233128834,0.135882008,0.486204584,0.554562175,0.871604827,1.009816768,0.238797936,0.177265368,0.189167288,0.132428303,0.15450535,0.191024299,0.154891629,3.26,2.341144748,6.763173782,7.620678141
1.8,1.8,1.8,9,5.62,0.0172,0.746,0.624,187.5,250,7.808671038,3000,15,6868.574537,0.32,178.5,1.00E-04,,0.254541438,0.16126597,0.566585297,0.58989211,0.995937924,1.046629513,0.204567629,0.180832549,0.164973841,0.120672831,0.180097994,0.172666491,0.155614948,2.58,2.382384327,6.794756718,6.135317634
1.8,1.8,1.8,9,8.12,0.03,0.746,0.624,187.5,250,7.808671038,3000,15,6868.574537,0.32,178.5,1.00E-04,,0.266008077,0.181051262,0.620776675,0.608646319,1.022189545,1.052942873,0.211121664,0.18483487,0.189650159,0.128498423,0.188936271,0.199690784,0.18166885,2.29,2.476587343,7.932371861,5.655441559
1.8,1.8,1.8,9,8.12,0.063,0.746,0.624,187.5,250,7.808671038,3000,15,6868.574537,0.32,178.5,1.00E-04,,0.266782241,0.183826301,0.629017015,0.601207446,1.013425958,1.061704841,0.20984889,0.173862079,0.183948964,0.126162715,0.176196344,0.195299506,0.195879124,2.28,2.560929863,8.552847967,5.820701264
1.8,1.8,1.8,9,8.12,0.1,0.746,0.624,187.5,250,7.808671038,3000,15,6868.574537,0.32,178.5,1.00E-04,,0.266077073,0.185367436,0.631047004,0.598666952,0.994858664,1.062512565,0.212993222,0.19190805,0.181604607,0.127512003,0.190921386,0.192957177,0.203661057,2.28,2.590220064,8.892637567,5.886085963
1.8,1.8,1.8,9,8.12,0.12,0.746,0.624,187.5,250,7.808671038,3000,15,6868.574537,0.32,178.5,1.00E-04,,0.265743313,0.18362277,0.624021457,0.59746733,1.022029113,1.057861639,0.220400712,0.182470209,0.178603175,0.131682225,0.186489866,0.188937447,0.209460925,2.28,2.602319576,9.145882449,5.91251879
1.8,1.8,1.8,9,8.12,0.0172,0.025,0.624,187.5,250,7.808671038,3000,15,6868.574537,0.32,178.5,1.00E-04,,0.303343702,0.161529504,0.385150883,0.745456467,0.859424223,0.901438116,0.168861525,0.18897399,0.194516871,0.125878916,0.162408825,0.175344922,0.151918938,2.39,2.327616444,6.63337447,5.552042037
1.8,1.8,1.8,9,8.12,0.0172,0.05,0.624,187.5,250,7.808671038,3000,15,6868.574537,0.32,178.5,1.00E-04,,0.262179766,0.142828352,0.409580018,0.608311614,0.929723897,0.884968208,0.202927536,0.172534079,0.171197923,0.123443177,0.160409057,0.151504719,0.157331393,2.64,2.403506668,6.869703416,6.333879092
1.8,1.8,1.8,9,8.12,0.0172,0.1,0.624,187.5,250,7.808671038,3000,15,6868.574537,0.32,178.5,1.00E-04,,0.263180807,0.148720986,0.445774146,0.650730687,0.888549583,0.976845401,0.195513623,0.176560061,0.176600206,0.127226714,0.156882368,0.172511099,0.158550245,2.6,2.449993567,6.922923233,6.358790874
1.8,1.8,1.8,9,8.12,0.0172,1.3,0.624,187.5,250,7.808671038,3000,15,6868.574537,0.32,178.5,1.00E-04,,0.283556484,0.193506994,0.613933309,0.691656682,0.958669806,0.997903956,0.194120829,0.195263882,0.174078114,0.134264968,0.187193587,0.173713238,0.155076297,2.237937539,2.346984544,6.771237117,5.245350896
1.8,1.8,1.8,9,8.12,0.0172,0.746,0.025,187.5,250,7.808671038,3000,15,6868.574537,0.32,178.5,1.00E-04,,0.431067206,0.268894596,0.486314303,1.108191324,1.009845415,1.032558049,0.161357163,0.166763507,0.161995353,0.178814608,0.168405363,0.167269606,0.152901778,3.95,1.928508271,6.676289108,7.602420405
1.8,1.8,1.8,9,8.12,0.0172,0.746,0.1,187.5,250,7.808671038,3000,15,6868.574537,0.32,178.5,1.00E-04,,0.329188074,0.199604566,0.485448606,0.83801952,0.911330836,1.007156686,0.180597903,0.179957124,0.171026384,0.151344568,0.164000477,0.172250366,0.158796683,3.548189902,2.1821793,6.933683695,7.732425839
1.8,1.8,1.8,9,8.12,0.0172,0.746,1.3,187.5,250,7.808671038,3000,15,6868.574537,0.32,178.5,1.00E-04,,0.269822089,0.186613721,0.658170076,0.612984163,1.04074183,1.057661768,0.198524222,0.179897609,0.177511626,0.121692204,0.187226967,0.18774726,0.154655591,2,2.408142474,6.752867417,4.805539688
1.8,1.8,1.8,9,8.12,0.0172,0.746,2.4,187.5,250,7.808671038,3000,15,6868.574537,0.32,178.5,1.00E-04,,0.271240595,0.196678591,0.692539839,0.618653771,1.041717625,1.056813714,0.205317443,0.174285266,0.171336547,0.12702041,0.181556033,0.181070812,0.153657127,1.86,2.421636289,6.709270586,4.493886117
1.8,1.8,1.8,9,8.12,0.0172,0.746,0.624,300,1175,518.8020354,3000,15,6868.574537,0.32,178.5,1.00E-04,,0.354546468,0.238811885,0.537982037,0.838543959,0.949772314,1.056092017,0.195125886,0.186795986,0.177839847,0.163621633,0.177413656,0.187815243,0.162847888,5.3,2.068577244,7.110575138,10.94750259
1.8,1.8,1.8,9,8.12,0.0172,0.746,0.624,300,737.5,170.9053368,3000,15,6868.574537,0.32,178.5,1.00E-04,,0.321314588,0.210968994,0.549380712,0.825710397,0.933867888,1.049281766,0.190922421,0.185356139,0.171646578,0.157646628,0.173098146,0.180105625,0.162040624,3.9,2.216319045,7.075326836,8.629344479
1.8,1.8,1.8,9,8.12,0.0172,0.746,0.624,737.5,1175,88.49568086,3000,15,6868.574537,0.32,178.5,1.00E-04,,0.327250997,0.221455408,0.572906515,0.78733176,1.065324517,0.96202795,0.200378144,0.170956018,0.183713401,0.157764077,0.182123637,0.176737427,0.164634826,6.08,2.134265864,7.188599826,12.9606608
1.8,1.8,1.8,9,8.12,0.0172,0.746,0.624,1175,737.5,88.49568086,3000,15,6868.574537,0.32,178.5,1.00E-04,,0.300782821,0.205606432,0.638355438,0.720926259,1.069901031,1.066739565,0.203045305,0.167465803,0.18458936,0.146380692,0.179171836,0.196908774,0.164715212,5,2.250636207,7.192109807,11.23864856
1.8,1.8,1.8,9,8.12,0.0172,0.746,0.624,737.5,300,170.9053368,3000,15,6868.574537,0.32,178.5,1.00E-04,,0.278948725,0.181161204,0.613135071,0.697039859,1.027050453,1.061273283,0.198032591,0.176928778,0.173235919,0.13803661,0.181714781,0.183850652,0.162092644,2.92,2.42829761,7.077598232,7.078438954
1.8,1.8,1.8,9,8.12,0.0172,0.746,0.624,300,300,0,3000,15,6868.574537,0.32,178.5,1.00E-04,,0.274069162,0.181814695,0.606422452,0.634693816,1.007028712,1.064256417,0.202963851,0.176485704,0.182492145,0.128819901,0.177726171,0.194218437,0.16030425,2.55,2.379444579,6.999509947,6.055328702
1.8,1.8,1.8,9,8.12,0.0172,0.746,0.624,1175,1175,0,3000,15,6868.574537,0.32,178.5,1.00E-04,,0.331714141,0.221785698,0.604610356,0.879755672,1.0378072,1.104352563,0.186929119,0.179386067,0.165297845,0.164451953,0.186168152,0.182547098,0.16552753,6.73,2.138861553,7.227578777,14.37869982
1.8,1.8,1.8,9,8.12,0.0172,0.746,0.624,1175,300,518.8020354,3000,15,6868.574537,0.32,178.5,1.00E-04,,0.285725027,0.197357277,0.681497835,0.665335163,0.961482957,1.11809967,0.207662945,0.192945127,0.172096108,0.13816546,0.185513451,0.192420602,0.162988459,3.23,2.393971475,7.116712988,7.71982401
1.8,1.8,1.8,9,8.12,0.0172,0.746,0.624,187.5,250,7.808671038,750,15,1248.742953,0.32,178.5,1.00E-04,,0.12480761,0.093207932,0.924661144,1.079401425,0.917745615,0.871222794,0.141700326,0.186871899,0.177103575,0.152951534,0.171500865,0.154296671,0.013486963,0.002844389,0.401851553,0.588893522,0.001143022
1.8,1.8,1.8,9,8.12,0.0172,0.746,0.624,187.5,250,7.808671038,1500,3,4040.358096,0.32,178.5,1.00E-04,,0.279098076,0.146852558,0.355349645,0.562585616,0.825686773,0.881873279,0.253651136,0.283320335,0.280501466,0.142700481,0.233933853,0.247366747,0.103863711,0.62,1.996488392,4.535095477,1.234056638
1.8,1.8,1.8,9,8.12,0.0172,0.746,0.624,187.5,250,7.808671038,2000,2,5994,0.32,178.5,1.00E-04,,0.26189938,0.139074542,0.397577087,0.568947175,0.891898936,0.91539364,0.237863688,0.243243555,0.234665497,0.135331873,0.216948668,0.214811303,0.138000232,1.08,2.338006165,6.062429882,2.51729198
1.8,1.8,1.8,9,8.12,0.0172,0.746,0.624,187.5,250,7.808671038,4000,15,9667.485398,0.32,178.5,1.00E-04,,0.32536204,0.277332171,0.807187077,0.761680854,1.135627018,1.083348557,0.197870594,0.17534573,0.186076654,0.150714243,0.199127349,0.201585875,0.188759832,3.96,2.578634451,8.241991856,10.1948854
1.8,1.8,1.8,9,8.12,0.0172,0.746,0.624,187.5,250,7.808671038,3000,15,6868.574537,0.29,178.5,1.00E-04,,0.275369876,0.180805663,0.603964257,0.674775885,1.030422924,0.987205464,0.21387338,0.187288155,0.216345939,0.144316599,0.192986008,0.213577893,0.161953545,2.3,2.364580411,7.071524608,5.425766262
1.8,1.8,1.8,9,8.12,0.0172,0.746,0.624,187.5,250,7.808671038,3000,15,6868.574537,0.32,178.5,1.00E-04,,0.276773159,0.183039643,0.598838344,0.677010966,1.023170309,0.972083749,0.213683355,0.192106316,0.199511901,0.144665975,0.196557478,0.193942277,0.162593549,2.29,2.367858151,7.099469676,5.409515842
1.8,1.8,1.8,9,8.12,0.0172,0.746,0.624,187.5,250,7.808671038,3000,15,6868.574537,0.49,178.5,1.00E-04,,0.280700902,0.185645724,0.607393167,0.675203801,1.035972424,0.984079001,0.206986927,0.187153663,0.219951689,0.13975836,0.193886034,0.216449839,0.165937958,2.24,2.382240538,7.245499642,5.322746382
1.8,1.8,1.8,9,8.12,0.0172,0.746,0.624,187.5,250,7.808671038,3000,15,6868.574537,0.32,0.1,1.00E-04,,0.392395438,0.342413562,0.822663704,0.895566162,1.11980768,1.129563903,0.351668933,0.319725938,0.305419025,0.314942796,0.358031561,0.344990306,0.193505356,4.19,2.508635234,8.449199989,10.49294262
1.8,1.8,1.8,9,8.12,0.0172,0.746,0.624,187.5,250,7.808671038,3000,15,6868.574537,0.32,1,1.00E-04,,0.390869933,0.342105263,0.821423128,0.894682301,1.035216024,1.12975681,0.350331735,0.317000088,0.305174768,0.313435603,0.328163571,0.344773272,0.193328375,4.18,2.506645595,8.441472295,10.45956856
1.8,1.8,1.8,9,8.12,0.0172,0.746,0.624,187.5,250,7.808671038,3000,15,6868.574537,0.32,10,1.00E-04,,0.383069202,0.330226712,0.804003443,0.942279089,1.139783262,0.990882376,0.315067607,0.301075429,0.315905517,0.296881618,0.343160735,0.313025209,0.191559629,4.04,2.507654751,8.364241951,10.11311153
1.8,1.8,1.8,9,8.12,0.0172,0.746,0.624,187.5,250,7.808671038,3000,15,6868.574537,0.32,100,1.00E-04,,0.309797474,0.23621241,0.723462897,0.75951305,0.982361102,1.103379199,0.250386483,0.226281904,0.2070934,0.190171801,0.22229054,0.22850255,0.173982571,2.94,2.464459375,7.596758917,7.231101678
